"","Mean","SD","Naive SE","Time-series SE"
"alpha_iter[1]",2.44596597115348,0.161182929330735,0.00208086266996954,0.00511163334008651
"alpha_iter[2]",2.90979758565308,0.262730190909633,0.00339183217979634,0.0125352720236927
"alpha_iter[3]",2.24477440099902,0.142663663369977,0.00184177997446953,0.00394702580815362
"alpha_iter[4]",2.45194097417263,0.187640018545755,0.00242242222303253,0.00735869659640138
"alpha_iter[5]",2.42182689433962,0.136219336415784,0.00175858407123252,0.00380099148900033
"alpha_iter[6]",2.17085754396852,0.121468556357397,0.00156815231953352,0.00339526992005752
"alpha_iter[7]",2.61748237979402,0.174687271077789,0.00225520297226233,0.0060627627972974
"alpha_iter[8]",3.17040208585449,0.34743664448503,0.0044853877931757,0.0145781545728114
"alpha_iter[9]",2.29602840235028,0.134758715355133,0.00173972753442245,0.00402487532984198
"alpha_iter[10]",2.76241533110814,0.361646553825454,0.00466883693393095,0.0190846475238621
"alpha_iter[11]",2.07616332844598,0.110992897400924,0.00143291214393696,0.00272532427466201
"alpha_iter[12]",2.77272148711719,0.225651857794553,0.00291315295759689,0.00842442747736075
"alpha_iter[13]",2.17575987806838,0.114108474290477,0.00147313406862718,0.002850427654573
"alpha_iter[14]",2.58811144545862,0.182268097788773,0.00235307102426941,0.00539874725856976
"alpha_iter[15]",2.17319542877635,0.159324673695602,0.00205687269287666,0.00576283214642811
"alpha_iter[16]",2.14614595947757,0.122205709979558,0.00157766893187427,0.00367914704661772
"alpha_iter[17]",2.35989618002794,0.160592954620804,0.00207324612921539,0.00485119258862764
"alpha_iter[18]",1.82967817829399,0.0981410413936774,0.00126699539632388,0.00239258391455481
"alpha_iter[19]",2.6053761235651,0.253787789188418,0.00327638626999181,0.0096329679628116
"alpha_iter[20]",1.98405706448879,0.100045543508424,0.00129158241290133,0.00264186659842873
"alpha_iter[21]",2.18370158870702,0.10700334745738,0.00138140727563626,0.00278129028315933
"alpha_iter[22]",2.345662046293,0.134981523179268,0.00174260397106338,0.00396481366303123
"alpha_iter[23]",2.28410641786408,0.158409587401218,0.00204505897961502,0.00488884940902856
"alpha_iter[24]",2.10303792863316,0.125328917261443,0.00161798936450593,0.00338280840033515
"alpha_iter[25]",2.2961468672404,0.184943736130257,0.00238761336672622,0.00800129089590747
"alpha_iter[26]",2.17718498430583,0.132539230425052,0.00171107410718457,0.00438539266257378
"alpha_iter[27]",2.14424919373019,0.146403525837292,0.00189006139131293,0.00492522489955055
"alpha_iter[28]",2.08612494747204,0.13394696866184,0.00172924792967425,0.00381546063608829
"alpha_iter[29]",2.09808703408754,0.101454903095185,0.00130977716692913,0.00265635948820222
"alpha_iter[30]",2.77532784835167,0.306495739173557,0.00395684297834239,0.0140458688593896
"alpha_iter[31]",3.06580861301937,0.167012502949126,0.00215612214176794,0.00452535633442278
"alpha_iter[32]",2.03505957516672,0.126394346744367,0.00163174399998567,0.00380552654646574
"alpha_iter[33]",2.7246692386787,0.157115659084511,0.00202835443687571,0.00393004080697475
"alpha_iter[34]",1.98008145925817,0.131443734850185,0.0016969313201269,0.00429677052327186
"alpha_iter[35]",2.58970803554624,0.142640375477028,0.00184147932906434,0.00334922197606681
"alpha_iter[36]",2.52665240867785,0.196747630576482,0.00254000098876161,0.00760607786624405
"alpha_iter[37]",2.39641829452784,0.198359956786808,0.00256081603063243,0.00642882775415455
"alpha_iter[38]",2.30107972053437,0.162557714576425,0.00209861107117344,0.0054512511378182
"alpha_iter[39]",2.59322253050648,0.221546352641113,0.00286015111397342,0.00756280393988134
"alpha_iter[40]",2.25827003595223,0.133339810916338,0.00172140955688474,0.0039047095618186
"alpha_iter[41]",2.47343746418974,0.225522464905926,0.00291148250258766,0.00777980737462512
"alpha_iter[42]",2.91162038767921,0.229358805510006,0.00296100944682093,0.00730923718794197
"alpha_iter[43]",2.39536877238339,0.141460629055547,0.00182624886825386,0.003953326250483
"alpha_iter[44]",2.41702292305577,0.142435616337308,0.00183883589993728,0.00461594011158104
"alpha_iter[45]",2.37764500709729,0.163006955670416,0.00210441074875831,0.00522056377270216
"alpha_iter[46]",2.04120698671188,0.170238711133467,0.00219777231033244,0.00714596469377692
"alpha_iter[47]",3.27708374029709,0.300744074815845,0.00388258931077442,0.0147609090065455
"alpha_iter[48]",2.60092273456344,0.194085421419562,0.00250563201633203,0.00628390715388061
"alpha_iter[49]",2.59935160482666,0.185910044618224,0.00240008835566353,0.00581871039031207
"alpha_iter[50]",2.26407190824211,0.121085108440982,0.0015632020282188,0.0032756553999552
"alpha_iter[51]",3.04130743100796,0.294147781972186,0.00379743153634043,0.0115436903859866
"alpha_iter[52]",2.67712605505635,0.266596426319041,0.00344174506430687,0.012229885521303
"alpha_iter[53]",2.63693765449159,0.216383733418815,0.00279350198640419,0.00831187408008733
"alpha_iter[54]",2.73604094420637,0.141366210601927,0.00182502993125905,0.00351663741694779
"alpha_iter[55]",2.54766843046891,0.150633210502064,0.00194466638553417,0.00417941541722193
"alpha_iter[56]",2.63342173722155,0.131069547120744,0.00169210057731196,0.00287839838447983
"alpha_iter[57]",2.51168549634504,0.201449945543421,0.00260070761394687,0.00710756466907127
"alpha_iter[58]",2.13256487030826,0.127936549256087,0.00165165374880023,0.00323293920619383
"alpha_iter[59]",3.2788023124232,0.432235069596249,0.00558013075397692,0.0261173487189878
"alpha_iter[60]",3.35193185388832,0.415241336463799,0.00536074260260402,0.0260220979205329
"alpha_iter[61]",2.48814547051394,0.132653213405851,0.0017125456211392,0.00369530263419846
"alpha_iter[62]",3.22605122088675,0.260731452602987,0.0033660285792128,0.008671249473563
"alpha_iter[63]",2.60812083567841,0.1712496833836,0.00221082390595991,0.00459691398303294
"alpha_iter[64]",2.452016814967,0.145561530316673,0.00187919127588314,0.0046378047262555
"alpha_iter[65]",2.40238582711087,0.139156411862412,0.00179650155220368,0.00348985667262501
"alpha_iter[66]",2.17737746569868,0.122384899844797,0.0015799822630872,0.00344403050749733
"alpha_iter[67]",2.48119033071232,0.134824781407119,0.00174058044348609,0.00303960238885098
"alpha_iter[68]",2.52307555778972,0.199502095450545,0.00257556097737815,0.00786070116164664
"alpha_iter[69]",2.73344605452289,0.156761497927894,0.00202378223600421,0.00458642294237924
"alpha_iter[70]",3.17593426403551,0.343885103718097,0.00443953759903,0.0142358177831614
"alpha_iter[71]",3.19338627985047,0.320613991276121,0.00413910882924503,0.0125202384904761
"alpha_iter[72]",2.31940189989225,0.177292551951189,0.00228883700371189,0.00637278963662147
"alpha_iter[73]",2.82408257596846,0.171170671799428,0.0022098038707944,0.00508208141092543
"alpha_iter[74]",2.71901405023738,0.166857029501872,0.00215411498819463,0.00449588146960083
"alpha_iter[75]",2.07642268776887,0.112099482852551,0.00144719810068798,0.0023472389125614
"alpha_iter[76]",3.04629116415794,0.385461744802287,0.0049762897273977,0.0204092271643456
"alpha_iter[77]",2.80997486246621,0.276495915563363,0.00356954692090426,0.0149663081634822
"alpha_iter[78]",2.25475733890874,0.150527234857051,0.00194329824584003,0.00524172644107393
"alpha_iter[79]",2.90680166380643,0.353214413117419,0.00455997846548063,0.0180753351059804
"alpha_iter[80]",2.81557551642012,0.272447399283572,0.00351728080047599,0.010804755178886
"alpha_iter[81]",1.95556968747788,0.132617522042809,0.00171208484762365,0.00379307244116583
"alpha_iter[82]",3.13260097925313,0.213429603637746,0.00275536433492214,0.00697110915828341
"alpha_iter[83]",2.97898015726461,0.254807066386378,0.0032895450820347,0.00980594589590825
"alpha_iter[84]",3.32204571137152,0.24118317773216,0.00311366143580679,0.00808610741663222
"alpha_iter[85]",2.3763185704994,0.215103894275391,0.00277697933410984,0.0077692635193173
"alpha_iter[86]",3.19660633614913,0.246962020416365,0.00318826597406106,0.00788379649079174
"alpha_iter[87]",2.5729190204893,0.142167259163531,0.00183537142372103,0.00335261548490515
"alpha_iter[88]",2.84059715715282,0.156109098379123,0.002015359794046,0.00369918353024023
"alpha_iter[89]",2.26133450556816,0.118820537983886,0.00153396654932998,0.00302378708617352
"alpha_iter[90]",2.11818550890511,0.110252641864362,0.00142335548605348,0.00264885039108606
"alpha_iter[91]",3.19908387042496,0.271853380332871,0.003509612048798,0.0101075657429106
"alpha_iter[92]",2.78463765557248,0.210752677416435,0.00272080536600826,0.00665801525802234
"alpha_iter[93]",3.09822414290879,0.343602394477682,0.00443588783843018,0.0165271063034974
"alpha_iter[94]",2.31998187979192,0.142025526015586,0.00183354165664904,0.00338873349421321
"alpha_iter[95]",2.68546752978939,0.280771316258063,0.00362474210653404,0.0124111097792006
"alpha_iter[96]",2.44917306452447,0.186130077801521,0.00240292897184527,0.00775785043579989
"alpha_iter[97]",2.90583716781889,0.218565010430963,0.00282166215154256,0.00673176747628714
"alpha_iter[98]",2.34126516580373,0.144885769671954,0.00187046724347308,0.00431934774026748
"alpha_iter[99]",2.61603483479788,0.179854633498663,0.00232191333426187,0.00564748588706081
"alpha_iter[100]",2.23417655249172,0.139619524294049,0.00180248030798752,0.00377761820345292
"alpha_iter[101]",2.2889001707889,0.224555992310452,0.00289900539503154,0.00954774618117633
"alpha_iter[102]",2.64630005801836,0.219275422852732,0.00283083353647074,0.00863228526014773
"alpha_iter[103]",2.28999201263794,0.126524217398532,0.00163342062292147,0.00288449631760071
"alpha_iter[104]",2.05175664160057,0.106643052809298,0.00137675589173043,0.00279196549096606
"alpha_iter[105]",2.24573277085385,0.178532983920163,0.00230485091157169,0.00610612780036443
"alpha_iter[106]",2.09291421920893,0.122816096353606,0.00158554898607907,0.00347648578446165
"alpha_iter[107]",2.86111730337488,0.183718324519042,0.00237179337085126,0.00534018478430032
"alpha_iter[108]",2.46353460565836,0.179915792817478,0.00232270289767265,0.00524856439656846
"alpha_iter[109]",2.40777539570953,0.139550128414279,0.00180158441103204,0.00349531890243798
"alpha_iter[110]",2.8053142859108,0.19876830727538,0.00256608781277128,0.00715246671371758
"alpha_iter[111]",2.40759962008037,0.152020292057336,0.00196257353141217,0.00489703507328224
"alpha_iter[112]",3.35049439237762,0.338280222946861,0.00436717889941508,0.0143229931511093
"alpha_iter[113]",2.29799927931732,0.155988283021103,0.00201380007448074,0.00486559596148659
"alpha_iter[114]",2.41720388542504,0.140973476563564,0.00181995975662548,0.0042697633719036
"alpha_iter[115]",2.27857269967182,0.138173349537683,0.00178381027216381,0.00381993849071691
"alpha_iter[116]",2.15767782628053,0.16594736612086,0.00214237128444359,0.00625108899813927
"alpha_iter[117]",2.71858941321844,0.143773700300494,0.00185611048962144,0.00374034460941822
"alpha_iter[118]",2.26162072708733,0.145862283748216,0.00188307398598874,0.00408513098602306
"alpha_iter[119]",2.01386916499655,0.101370765455753,0.00130869095467477,0.00262294824798701
"alpha_iter[120]",3.07022011405728,0.285557424986643,0.00368653050453048,0.0108280644610196
"alpha_iter[121]",2.20766676749095,0.146406629312782,0.00189010145700922,0.00419151310248585
"alpha_iter[122]",1.9909833238244,0.126358765248447,0.00163128464484856,0.00333177079669999
"alpha_iter[123]",2.58289704978534,0.145500881952793,0.00187840830887219,0.00355886646710131
"alpha_iter[124]",3.14674505966214,0.288527391776711,0.00372487261091955,0.0105689403787159
"alpha_iter[125]",2.32319199141931,0.11982970602418,0.0015469948527086,0.00290250582685717
"alpha_iter[126]",2.17476755454536,0.203326556504842,0.00262493455728318,0.00754282063324672
"alpha_iter[127]",2.35565584551725,0.124889067501546,0.00161231092852287,0.00346310872027536
"alpha_iter[128]",2.38656658540358,0.130350512790193,0.00168281788402005,0.00355421939377232
"alpha_iter[129]",2.17607731651495,0.17776210018839,0.0022948988453883,0.00641985172539807
"alpha_iter[130]",2.22518920046851,0.124744082288557,0.00161043917747169,0.00350347090187965
"alpha_iter[131]",2.37861020354764,0.171518420856016,0.00221429329181049,0.00541421335351797
"alpha_iter[132]",2.7603781393653,0.182040934324335,0.00235013835655395,0.00607601368194868
"alpha_iter[133]",1.99374414815727,0.111185372363893,0.0014353969850241,0.00310818920338272
"alpha_iter[134]",2.37108684398148,0.127165611981051,0.00164170099137628,0.00361965654265663
"alpha_iter[135]",3.22429695381374,0.336761384112479,0.00434757077437797,0.0148585267458353
"alpha_iter[136]",2.10019721408311,0.135660951596368,0.00175137535421128,0.0043354295764579
"alpha_iter[137]",2.32106836916813,0.210124293895838,0.00271269296964058,0.00814881901833334
"alpha_iter[138]",2.565536692146,0.139768963231684,0.00180440955637663,0.00369647172416929
"alpha_iter[139]",2.64714191722205,0.20019750342087,0.0025845386556711,0.00712785578123422
"alpha_iter[140]",2.28128408306099,0.14488245776988,0.00187042448700115,0.00479932318348885
"alpha_iter[141]",3.09942762892427,0.315971558792347,0.00407917528359319,0.0134366055079642
"alpha_iter[142]",2.00282744430892,0.105274244944757,0.00135908465818535,0.0024859344445871
"alpha_iter[143]",2.86155478608834,0.226602917651376,0.00292543108755263,0.0082453280915622
"alpha_iter[144]",2.40928411059174,0.139029739358751,0.00179486621721333,0.00352038757660912
"alpha_iter[145]",2.92179427728846,0.209793231026934,0.0027084189663812,0.00687055750769284
"alpha_iter[146]",1.86113083101813,0.097146447074959,0.00125415523888179,0.0025628237962037
"alpha_iter[147]",2.14979320210211,0.122317240345435,0.0015791087827064,0.00327346669661439
"alpha_iter[148]",2.52467995887116,0.197100045229433,0.00254455064236774,0.00759154372745535
"alpha_iter[149]",3.44043215544898,0.372902699647388,0.00481415315163374,0.0192894400898967
"alpha_iter[150]",2.2175484391136,0.157951188243875,0.00203914107194067,0.00561815019976247
"alpha_iter[151]",2.16274771837941,0.172640349022537,0.00222877732215908,0.00665959704700671
"alpha_iter[152]",2.10228768358848,0.103042813184058,0.0013302769980274,0.00252060202972526
"alpha_iter[153]",2.90887867085203,0.262009394249782,0.003382526734931,0.00938842859138227
"alpha_iter[154]",2.39787862710446,0.131378678633316,0.00169609144797856,0.00344489958508581
"alpha_iter[155]",2.71101344378887,0.142878257759407,0.00184455037612438,0.00336024443983041
"alpha_iter[156]",2.56813477414704,0.180571469788423,0.0023311676509692,0.00632840223379488
"alpha_iter[157]",2.32137374960032,0.135135931408238,0.00174459737272778,0.00355796174151103
"alpha_iter[158]",2.81008500627632,0.145301570298878,0.00187583520648447,0.00345671945377834
"alpha_iter[159]",3.10152110572535,0.309951402363558,0.00400145539829231,0.0163971738332658
"alpha_iter[160]",2.09197327835946,0.11970698681842,0.0015454105545747,0.00346872665404045
"alpha_iter[161]",2.03974081493114,0.128246325151681,0.00165565293841588,0.0035578485192981
"alpha_iter[162]",2.27763914418484,0.134443028398932,0.00173565203334252,0.00377414695832911
"alpha_iter[163]",2.68322721228148,0.227634921857466,0.00293875420456398,0.00924277476518764
"alpha_iter[164]",2.49366056492098,0.271765435467839,0.00350847668547249,0.0128714259039557
"alpha_iter[165]",2.17255321378916,0.103943172000168,0.00134190058036208,0.00248074940975861
"alpha_iter[166]",2.49440377081357,0.140768792879556,0.00181731730162747,0.0037015312967877
"alpha_iter[167]",2.04551299324074,0.139815155194649,0.00180500589205427,0.00451852392811886
"alpha_iter[168]",2.52653930749339,0.214314969594033,0.0027667943602688,0.00722951958914153
"alpha_iter[169]",2.612313974191,0.143486103988981,0.00185239763720503,0.00358608375465954
"alpha_iter[170]",1.90521821427255,0.0989906277845374,0.0012779635094671,0.00257017132235079
"alpha_iter[171]",2.73711433345224,0.142781769434434,0.00184330471720529,0.0037698912221685
"alpha_iter[172]",2.57413555230455,0.286251698556955,0.00369549353778224,0.013835628521163
"alpha_iter[173]",2.31165853681815,0.158047029342759,0.00204037837520687,0.00525982062442361
"alpha_iter[174]",2.71123839385385,0.137864531241548,0.00177982344510403,0.00350419164368053
"alpha_iter[175]",2.26558758705578,0.140960369972434,0.00181979055126158,0.0044802895602123
"alpha_iter[176]",2.77155812100472,0.139085807021154,0.0017955900476225,0.00331754144029215
"alpha_iter[177]",2.86658251673136,0.185418813739045,0.00239374659228286,0.00500774680095387
"alpha_iter[178]",3.17657936611888,0.288434585156719,0.0037236744826074,0.0103601759972483
"alpha_iter[179]",3.05127953746458,0.26135690923134,0.00337410318956408,0.0102689115514963
"alpha_iter[180]",2.77270989542121,0.253565614562707,0.00327351800790737,0.00991595927941409
"alpha_iter[181]",2.05243300950734,0.101334222278062,0.00130821918427938,0.00216997324697028
"alpha_iter[182]",2.15049489089188,0.159326221237866,0.00205689267156138,0.00581570462087779
"alpha_iter[183]",2.69454697950335,0.278440161544253,0.00359464702858731,0.013933455749938
"alpha_iter[184]",2.40798189017289,0.122440835309852,0.00158070438683594,0.00314391436734727
"alpha_iter[185]",2.43098889676646,0.126502723415786,0.00163314313679741,0.00311486017156933
"alpha_iter[186]",2.27590443790422,0.167311993416868,0.00215998854708098,0.00594448253729755
"alpha_iter[187]",3.20893648331666,0.361526451323059,0.00466728641729225,0.0159091805731444
"alpha_iter[188]",2.27641205907537,0.142275731178874,0.00183677179141753,0.00415628681179424
"alpha_iter[189]",1.97251689170095,0.120790021761596,0.00155939247556898,0.00376424258659982
"alpha_iter[190]",2.14748735813038,0.137702824358715,0.00177773581822342,0.00404072605789905
"alpha_iter[191]",2.26050519439103,0.126490674871125,0.00163298759075468,0.003457737378927
"alpha_iter[192]",1.9591495997747,0.0997730851902363,0.0012880649911384,0.00270629874049812
"alpha_iter[193]",2.18153554338835,0.144902126840304,0.00187067841360844,0.00473738567303208
"alpha_iter[194]",2.92284031576324,0.145846321677679,0.00188286791654421,0.00364523207879172
"alpha_iter[195]",2.38618050832639,0.126962369919969,0.00163907714765022,0.00330264807672531
"alpha_iter[196]",2.22503770948228,0.145870942520676,0.00188318577026052,0.00505431105485289
"alpha_iter[197]",2.56546252257108,0.19498198573108,0.00251720661182309,0.00686545456631438
"alpha_iter[198]",2.58781161216751,0.260890963331427,0.00336808785386209,0.0102111415962482
"alpha_iter[199]",2.71255159813626,0.149179427484503,0.00192589812748079,0.00401561916904261
"alpha_iter[200]",2.18590744232237,0.137437661403496,0.00177431257919145,0.00345642194157282
"beta_iter[1]",0.494083627348111,0.045319718706703,0.000585075052686218,0.00152832639557351
"beta_iter[2]",0.409730089440956,0.0539137869252155,0.000696023996307783,0.0024085621005994
"beta_iter[3]",0.554867641905807,0.0466124621217935,0.000601764298411434,0.00194323515419312
"beta_iter[4]",0.399691637190998,0.0423970502740503,0.000547343565465718,0.00132266093549268
"beta_iter[5]",0.484557746487459,0.0373131306038911,0.000481710444745775,0.00100392170220017
"beta_iter[6]",0.44188140280901,0.0357286988038359,0.000461255518163058,0.00090776077555807
"beta_iter[7]",0.34543031642364,0.0341559045094735,0.000440950831132806,0.000870136274300499
"beta_iter[8]",0.581358334844454,0.0716097781642339,0.000924478260852284,0.00491044713051093
"beta_iter[9]",0.437692568457564,0.038713681298343,0.000499791476462879,0.00112467752213399
"beta_iter[10]",0.597125943160333,0.0731016490131507,0.000943738230694108,0.00485052228924622
"beta_iter[11]",0.592795667208521,0.0404071233057772,0.000521653718771416,0.00138069266165103
"beta_iter[12]",0.464938262241306,0.0471515252987761,0.000608723574101459,0.00172831702857965
"beta_iter[13]",0.418724905337504,0.0329891202842246,0.000425887711556117,0.000724380245300267
"beta_iter[14]",0.520467003381684,0.0518907610274913,0.000669906844271675,0.00211426192393005
"beta_iter[15]",0.438926977262606,0.0422180826839834,0.000545033103812918,0.00131652789017485
"beta_iter[16]",0.458607221046705,0.0409302309997023,0.000528407010060898,0.0011674885600352
"beta_iter[17]",0.529784940073349,0.048489955313631,0.000626002631293449,0.00182282557211631
"beta_iter[18]",0.487639351532835,0.0389098077136584,0.000502323457597107,0.00102561964165907
"beta_iter[19]",0.603534080281983,0.0573450815536333,0.000740321819480426,0.00309706978419644
"beta_iter[20]",0.46974499007452,0.0346400407363999,0.000447201002946745,0.000827522198549939
"beta_iter[21]",0.502455652053042,0.0356381892972209,0.00046008704545708,0.000860645623610334
"beta_iter[22]",0.412934696561025,0.0353101065855091,0.000455851515861618,0.000931918086240333
"beta_iter[23]",0.540512740639005,0.0454978022314005,0.000587374101104176,0.001604618029593
"beta_iter[24]",0.56182615588984,0.0455911034693378,0.000588578614906548,0.0017430352818198
"beta_iter[25]",0.455382353172221,0.0477601875500993,0.000616581369977591,0.00174791551400483
"beta_iter[26]",0.475897207215903,0.0390766401939084,0.000504477255655822,0.00113081447094059
"beta_iter[27]",0.452550269762052,0.0443408075496875,0.000572437363991092,0.00150611203770399
"beta_iter[28]",0.537918638597809,0.0442790780125791,0.000571640439093793,0.00159143638356649
"beta_iter[29]",0.455589805954323,0.0332291974951057,0.000428987095021272,0.000733452604752776
"beta_iter[30]",0.525295192742407,0.0702524302991808,0.000906954975264415,0.00453504274218414
"beta_iter[31]",0.531252991074025,0.0402228460513375,0.000519274709646317,0.00129563762623582
"beta_iter[32]",0.464703112891027,0.0393045811151868,0.000507419960295923,0.000983257278794088
"beta_iter[33]",0.577556412473878,0.0416528924274123,0.00053773652897579,0.00140908484499861
"beta_iter[34]",0.44911334783893,0.0439133205187078,0.000566918530152079,0.00155752924217688
"beta_iter[35]",0.598249090590672,0.0391285609259199,0.000505147549423834,0.00124205621118906
"beta_iter[36]",0.427079571781017,0.0497295921432273,0.000642006273948022,0.00198124317979914
"beta_iter[37]",0.583449154486421,0.0560319970609527,0.000723369971572709,0.00264229698244846
"beta_iter[38]",0.468141020023133,0.0414237104623841,0.000534777802529772,0.00122275307511934
"beta_iter[39]",0.579060605860921,0.0560234887230728,0.000723260129403,0.00272195443121473
"beta_iter[40]",0.498392965837717,0.0412523837460134,0.000532565984132224,0.00129714847556233
"beta_iter[41]",0.635372816505889,0.0541986555389631,0.000699701634297455,0.00283094838471338
"beta_iter[42]",0.578576878877707,0.0547386432928646,0.000706672846224176,0.00252490442629934
"beta_iter[43]",0.448335047770659,0.0358273662780705,0.000462529309778134,0.000893326401055058
"beta_iter[44]",0.396260929485308,0.0349295626395171,0.000450938714643862,0.000939195084997267
"beta_iter[45]",0.48619740989243,0.0438636543795245,0.000566277343052321,0.00160265941111644
"beta_iter[46]",0.500821562032215,0.0551398714731753,0.000711852679758751,0.00251490927242207
"beta_iter[47]",0.354939967645307,0.0481110974610769,0.000621111597448375,0.00182639367586992
"beta_iter[48]",0.53490953070446,0.0513822961077823,0.000663342590384464,0.00204513977077684
"beta_iter[49]",0.462953527597241,0.0461152840070889,0.000595345756550269,0.00166049941253604
"beta_iter[50]",0.454436513753931,0.0348966481194962,0.000450513790017564,0.000833850723008714
"beta_iter[51]",0.587192050211576,0.0623313390593641,0.000804694127079084,0.0034521611803429
"beta_iter[52]",0.495387884570906,0.0588485278953578,0.000759731228291811,0.00294006846674147
"beta_iter[53]",0.454078919350512,0.0477957322277927,0.000617040249793434,0.00190995884156913
"beta_iter[54]",0.571908299148986,0.0373412502328179,0.000482073467594225,0.00101884655487196
"beta_iter[55]",0.428318632072565,0.0362900719893794,0.000468502814825116,0.000931643715591359
"beta_iter[56]",0.52891246138984,0.0368984257441918,0.000476356628028419,0.000951789531483286
"beta_iter[57]",0.485296809101428,0.0537486824210933,0.000693892506324952,0.00236281484931111
"beta_iter[58]",0.553093672504514,0.0442170965866538,0.00057084026232585,0.0014986179226202
"beta_iter[59]",0.601232053108735,0.0840069932455777,0.00108452561935027,0.0073264855185202
"beta_iter[60]",0.540684122072904,0.0921638719118349,0.00118983047012177,0.00804002745223043
"beta_iter[61]",0.46517990568913,0.0358175008557104,0.000462401947723122,0.000872332843085976
"beta_iter[62]",0.581707087359186,0.0567121234718272,0.000732150365781486,0.00274756394075921
"beta_iter[63]",0.592150397486216,0.0460390843257461,0.000594362022894178,0.00183897247994622
"beta_iter[64]",0.396402156814762,0.03478846786651,0.000449117188956884,0.000894526583200135
"beta_iter[65]",0.525508041630001,0.0446743506344652,0.000576743386699714,0.00150563571196762
"beta_iter[66]",0.463025151153735,0.0413148336330425,0.000533372208707012,0.00121699583838999
"beta_iter[67]",0.568432807611236,0.0422348008388635,0.000545248934264351,0.00136640944862126
"beta_iter[68]",0.436746317500165,0.0482925763339318,0.000623454479622561,0.0017840834435167
"beta_iter[69]",0.423500842641138,0.0350458757441765,0.000452440310368166,0.00087637906935145
"beta_iter[70]",0.651252293526701,0.0578247857158156,0.000746514773584555,0.00338652502279189
"beta_iter[71]",0.621277147737293,0.0594591008939528,0.000767613691809152,0.00343578348828675
"beta_iter[72]",0.460267149429703,0.0517145084327843,0.000667631433058255,0.0019866216247674
"beta_iter[73]",0.443250947877199,0.0392807040437664,0.000507111708629366,0.00108605571717973
"beta_iter[74]",0.518790003726368,0.041438458825973,0.000534968203084983,0.00122167380615394
"beta_iter[75]",0.628654335544878,0.0397241665636556,0.000512836785143359,0.00134876621724472
"beta_iter[76]",0.599202689592886,0.0700727687433705,0.000904635554552392,0.00489972873919329
"beta_iter[77]",0.464318247147039,0.0542214916525443,0.000699996447256095,0.00236919365985167
"beta_iter[78]",0.439531285700998,0.043013103448978,0.000555296777755296,0.0014306370311993
"beta_iter[79]",0.584282103916098,0.0749192039167515,0.00096720276360232,0.00553720184905152
"beta_iter[80]",0.528447713447634,0.0581730439747392,0.000751010768374522,0.00272681787091247
"beta_iter[81]",0.613208456853357,0.0419197171480149,0.000541181221306624,0.00160193878363507
"beta_iter[82]",0.475497201342095,0.0447045509775505,0.000577133271452446,0.00160915817417991
"beta_iter[83]",0.48998083889203,0.0534176207453264,0.00068961851846891,0.00256228546669705
"beta_iter[84]",0.467266572250203,0.0497775510523588,0.000642625420802584,0.00199376003235854
"beta_iter[85]",0.632930971839275,0.0540444942832962,0.000697711421044693,0.00282086239436769
"beta_iter[86]",0.576912896745173,0.0545469487594162,0.000704198080438828,0.00259104548982837
"beta_iter[87]",0.521887554645044,0.0389581648869795,0.000502947746020247,0.00110758584466703
"beta_iter[88]",0.563991530321188,0.0401195015342127,0.000517940537667163,0.00124955306997463
"beta_iter[89]",0.449574105354359,0.0358229627698837,0.000462472460731893,0.000865024207277872
"beta_iter[90]",0.543390038079548,0.0393997372045572,0.000508648420127329,0.00111884695587229
"beta_iter[91]",0.510565034910093,0.0560045577695532,0.00072301573184397,0.00260145035173465
"beta_iter[92]",0.533630499347322,0.0529025003021328,0.000682968342142978,0.00230466507676376
"beta_iter[93]",0.540080450203109,0.0687647735715803,0.000887749409494847,0.00430736410159174
"beta_iter[94]",0.633744544664288,0.0429031237239454,0.00055387694561039,0.0016186774882303
"beta_iter[95]",0.527052494299571,0.0613064368190664,0.000791462696051871,0.00311707930778092
"beta_iter[96]",0.418281666697696,0.0425607237211972,0.00054945658058244,0.00141776836352157
"beta_iter[97]",0.557596602416618,0.0531456032381577,0.000686106787551773,0.00243988850340319
"beta_iter[98]",0.481834290214182,0.0431114175529817,0.000556566007380307,0.00136483515486881
"beta_iter[99]",0.442069689985856,0.0455446730807246,0.000587979201167026,0.0014951023265224
"beta_iter[100]",0.5935007398578,0.0442879051204349,0.000571754396566195,0.00170216677574484
"beta_iter[101]",0.537640290267006,0.0644636111774943,0.000832221641756086,0.00356740500451098
"beta_iter[102]",0.548752464859643,0.0598744476111798,0.000772975794871559,0.0029293012839432
"beta_iter[103]",0.605107575516392,0.0404425524464577,0.000522111107010836,0.00134749017429348
"beta_iter[104]",0.422431583956796,0.0336960725674175,0.000435014426287349,0.000768818666126651
"beta_iter[105]",0.563780574737574,0.0560415922657182,0.000723493845133577,0.00269108355811651
"beta_iter[106]",0.423374545981616,0.03554525419398,0.000458887258433313,0.000868216507459009
"beta_iter[107]",0.526522458059527,0.0419240507562516,0.00054123716794839,0.00131547397661531
"beta_iter[108]",0.582944271239808,0.047452912067684,0.000612614460557284,0.00194111198451316
"beta_iter[109]",0.650519717121838,0.0406017606346515,0.000524166475882351,0.00155842605791515
"beta_iter[110]",0.487644844363591,0.0482395098599308,0.000622769394389068,0.00180020747225437
"beta_iter[111]",0.411861495605214,0.0400700372243701,0.000517301956172989,0.0011893521395178
"beta_iter[112]",0.618873906927875,0.070240861205051,0.00090680561890143,0.00504847405116477
"beta_iter[113]",0.469754648703252,0.0411045079248225,0.000530656915489628,0.00124873260342156
"beta_iter[114]",0.469471123639964,0.0377775317145521,0.000487705837304276,0.00109011301045653
"beta_iter[115]",0.482600972626111,0.0420853681360755,0.000543319766366763,0.00128047187584995
"beta_iter[116]",0.422823249807445,0.0410408416243185,0.000529834987084406,0.00124330869671771
"beta_iter[117]",0.426062481368778,0.0341676018204698,0.000441101842768419,0.000789948944619998
"beta_iter[118]",0.517421661849376,0.0464575072455536,0.000599763839561131,0.00165821400958457
"beta_iter[119]",0.397738873062804,0.0326212633359642,0.000421138698774786,0.000755119894269721
"beta_iter[120]",0.560647716441983,0.0586109071009567,0.000756663557027051,0.0033023091546856
"beta_iter[121]",0.557170526128226,0.0492665081345487,0.000636027885102998,0.00205746008210905
"beta_iter[122]",0.626398351616606,0.0415773900544688,0.000536761797532426,0.00159468231475334
"beta_iter[123]",0.542496276431282,0.0424279184811884,0.000547742072306295,0.00141693379445636
"beta_iter[124]",0.636656707028588,0.0555621244289188,0.000717303941977022,0.00295219137771319
"beta_iter[125]",0.493412476554704,0.0361832419879879,0.000467123645437566,0.000924781766780826
"beta_iter[126]",0.621468461631412,0.0514580147345288,0.00066432011365242,0.00255347871747152
"beta_iter[127]",0.518447226967782,0.035397445176162,0.000456979052218552,0.000892270847614585
"beta_iter[128]",0.425131415790796,0.0348937406420521,0.000450476254645162,0.000787019548248702
"beta_iter[129]",0.524937866951199,0.0570795464374129,0.000736893775870577,0.00276386193838226
"beta_iter[130]",0.497564959188626,0.0379146658605448,0.000489476231516363,0.00107071460580269
"beta_iter[131]",0.499189923184483,0.0522222553937519,0.000674186418137972,0.00222483009922755
"beta_iter[132]",0.386664547646581,0.0398700764811801,0.000514720474078755,0.00116286174067382
"beta_iter[133]",0.525636443356474,0.0397075509545748,0.000512622278552502,0.00122330788244659
"beta_iter[134]",0.371617452663919,0.0338495350355805,0.000436995618232226,0.000821713516414395
"beta_iter[135]",0.546162689474118,0.0675712468069677,0.000872341045219523,0.00397757952288706
"beta_iter[136]",0.401945563956104,0.036350155499633,0.000469278489607095,0.00104675232179658
"beta_iter[137]",0.552313542127932,0.0530492168219898,0.000684862444269709,0.00242123215066995
"beta_iter[138]",0.486969187037503,0.040742699641435,0.000525985990636029,0.00120905532801628
"beta_iter[139]",0.521182184059592,0.0524529360797504,0.000677164492988518,0.00231785762675084
"beta_iter[140]",0.452623760128229,0.0431453110296929,0.000557003570283132,0.00145608316580498
"beta_iter[141]",0.573785300743507,0.0634267330297952,0.000818835602429135,0.00379964197937335
"beta_iter[142]",0.606242376173468,0.0405863652855873,0.000523967722780568,0.00135139938779788
"beta_iter[143]",0.465380516320756,0.0507783961110957,0.000655546274951324,0.00190447339863666
"beta_iter[144]",0.614687462697013,0.0436203534758509,0.000563136341892171,0.00177705641379063
"beta_iter[145]",0.431115500956693,0.0480457205759191,0.000620267585490232,0.00189703188703043
"beta_iter[146]",0.405635623636193,0.0332455480612543,0.000429198179922588,0.000754132300453833
"beta_iter[147]",0.532773853359755,0.039314342674283,0.000507545981481965,0.00115952304285403
"beta_iter[148]",0.451008382238033,0.045185526948347,0.000583342644535182,0.00155434760598558
"beta_iter[149]",0.582094174762753,0.079881573117908,0.00103126667451503,0.00667861789683896
"beta_iter[150]",0.427558409691211,0.0432070671964802,0.000557800838968109,0.0013702507403987
"beta_iter[151]",0.484752859274722,0.0555011264636424,0.000716516461631462,0.00238201790312622
"beta_iter[152]",0.464218485064045,0.0346577816116475,0.000447430036661348,0.00081277716663117
"beta_iter[153]",0.526788897088853,0.0566641959983355,0.000731531624759288,0.00268003267856572
"beta_iter[154]",0.396172534930266,0.0361115722025171,0.000466198392485719,0.000951585152203354
"beta_iter[155]",0.469970561485395,0.0364988450294559,0.00047119806318296,0.00090700663052545
"beta_iter[156]",0.424230013730574,0.0425820762497221,0.00054973224054036,0.00139765496237232
"beta_iter[157]",0.444151771035254,0.0373459988729961,0.000482134772275316,0.000984760160399023
"beta_iter[158]",0.492641717597322,0.0388341068133469,0.000501346163176441,0.00109619155364709
"beta_iter[159]",0.418123093321052,0.058153493520366,0.000750758373093862,0.00268577582546829
"beta_iter[160]",0.450063232590019,0.0398550610583203,0.00051452662580318,0.00120324115672968
"beta_iter[161]",0.508302732860292,0.0464587445846725,0.000599779813540469,0.00164453230956398
"beta_iter[162]",0.574052671071981,0.0406321339506848,0.000524558593706237,0.00134320389626965
"beta_iter[163]",0.463613300484582,0.0594044015244633,0.000766907525985549,0.00285144576294987
"beta_iter[164]",0.50683611992954,0.0702947357461563,0.000907501136236382,0.00431781234653427
"beta_iter[165]",0.435527114841707,0.0334359033857245,0.00043165565659437,0.000748679234462308
"beta_iter[166]",0.430476121659229,0.0372450733051169,0.000480831828796641,0.000915029363658041
"beta_iter[167]",0.481919822641645,0.0480476623572826,0.000620292653779841,0.0018278214739481
"beta_iter[168]",0.598788242343625,0.0559093879264629,0.000721787094452803,0.00285238273947071
"beta_iter[169]",0.579388453257196,0.0412641660752231,0.000532718093348253,0.00135152589168744
"beta_iter[170]",0.448090188323207,0.0354378062689954,0.00045750011168648,0.000874669553952512
"beta_iter[171]",0.405604579934572,0.0328643011174038,0.000424276303041502,0.000781012446867964
"beta_iter[172]",0.494844509240806,0.0751275613500159,0.000969892646499293,0.00502463862793684
"beta_iter[173]",0.427573288649182,0.0420345633803577,0.000542663879790751,0.00128817999745756
"beta_iter[174]",0.374823408427475,0.0330110379937292,0.000426170667969111,0.000805196293800162
"beta_iter[175]",0.453752775206974,0.0406318546022779,0.000524554987333811,0.00125158203941547
"beta_iter[176]",0.415166598920034,0.0344519480329125,0.000444772736586245,0.000807522672925953
"beta_iter[177]",0.493984648450324,0.0475668279046186,0.00061408510768834,0.00174393228368848
"beta_iter[178]",0.55437399749424,0.0556908154780485,0.000718965336277307,0.00263814147215721
"beta_iter[179]",0.432798660201142,0.0488160244020493,0.000630212165123973,0.00185381149942901
"beta_iter[180]",0.538517824059664,0.0600303496885232,0.000774988482035527,0.00297999836069152
"beta_iter[181]",0.611709590778142,0.0380985903603196,0.000491850686598321,0.00123796482458399
"beta_iter[182]",0.528706694743853,0.0503387709359779,0.000649870738345308,0.00203199936874534
"beta_iter[183]",0.475446325228372,0.0621063215392104,0.000801789163385217,0.00309469256023941
"beta_iter[184]",0.432890246546337,0.0343386094435924,0.000443309541689847,0.000784476242185401
"beta_iter[185]",0.58429263747124,0.0370893219098487,0.0004788210869299,0.00107522241066508
"beta_iter[186]",0.465260672252244,0.0488239765442034,0.000630314826837738,0.0020027303768964
"beta_iter[187]",0.632060233978087,0.0633940448454274,0.000818413599783555,0.004162083789895
"beta_iter[188]",0.530498264161053,0.0458854004849723,0.000592377973041184,0.00162283245991268
"beta_iter[189]",0.471505684429565,0.0396521234655973,0.000511906712746729,0.00113709885820996
"beta_iter[190]",0.495723387602747,0.0392723855443606,0.000507004317263818,0.00110220372018354
"beta_iter[191]",0.534182978722987,0.0380983427138218,0.000491847489495782,0.00111572462049572
"beta_iter[192]",0.479934813443094,0.034722882379626,0.000448270483962036,0.000863122693607423
"beta_iter[193]",0.518898128457712,0.0458196287828265,0.000591528864017643,0.0017293200638477
"beta_iter[194]",0.458397616459426,0.0375865807377168,0.000485240670793526,0.000984952679895509
"beta_iter[195]",0.416860714689187,0.0342487672923983,0.000442149684505306,0.000815802010733552
"beta_iter[196]",0.351472495440575,0.0349942444649421,0.000451773753419439,0.000876905197763269
"beta_iter[197]",0.437593843656014,0.0497692870931788,0.000642518733548324,0.00188764386028234
"beta_iter[198]",0.65339191603124,0.0504833172788303,0.000651736823607383,0.00255862192057249
"beta_iter[199]",0.484020760596084,0.0388918121997166,0.000502091136511096,0.00112379646771771
"beta_iter[200]",0.643455263239585,0.0409959737737334,0.000529255745624085,0.00153322655317017
"delta_iter[1]",0.916004866580505,0.137559408494936,0.00177588432738344,0.00420572682082712
"delta_iter[2]",1.42554999658845,0.168648945145717,0.0021772485196827,0.00757336792625988
"delta_iter[3]",0.9005084022836,0.147730660333157,0.0019071946239818,0.00511207139224588
"delta_iter[4]",1.4318114499621,0.162624241829241,0.00209946993431419,0.00528036548302874
"delta_iter[5]",0.661511120100466,0.115543487186114,0.0014916600054485,0.00283813926143381
"delta_iter[6]",0.808236206628743,0.129261937193306,0.00166876443349395,0.00321523639131647
"delta_iter[7]",1.44565041198735,0.143177003815978,0.00184840717113053,0.00393418836983964
"delta_iter[8]",1.22724364525374,0.181921208952191,0.00234859270864585,0.0110013726856096
"delta_iter[9]",0.885880399256175,0.134307210104263,0.00173389862669797,0.0037241783942082
"delta_iter[10]",1.49776713829514,0.219776337307611,0.00283730031427614,0.0126878085129224
"delta_iter[11]",0.594286401543824,0.138001919983329,0.0017815971261336,0.00388584900610235
"delta_iter[12]",1.18624206646935,0.146509624767796,0.00189143112261591,0.0054594989292817
"delta_iter[13]",0.689431256036549,0.120342427647971,0.00155361406040921,0.00268708065433296
"delta_iter[14]",1.06506309971857,0.150851448426491,0.00194748382502355,0.00540817212736999
"delta_iter[15]",1.46609338804217,0.169639678202131,0.0021900388284428,0.00512554787870871
"delta_iter[16]",0.892664571086527,0.143285941888916,0.00184981355560471,0.00380556428257644
"delta_iter[17]",1.05761913523726,0.154717820038406,0.00199739846790087,0.00544646172181247
"delta_iter[18]",0.85042085484329,0.15388701259099,0.00198667278987505,0.00379787163329686
"delta_iter[19]",1.27476605113563,0.183622194829046,0.00237055234188983,0.00760688654027378
"delta_iter[20]",0.522988515713534,0.127750866041923,0.00164925658881314,0.00294740130703723
"delta_iter[21]",0.360725572671627,0.116459231274205,0.00150348221079038,0.00267679538484612
"delta_iter[22]",0.900772867769141,0.124553054273583,0.00160797301640285,0.00325559734462868
"delta_iter[23]",1.00203874945274,0.149229365782146,0.00192654282813116,0.00468771822889442
"delta_iter[24]",0.925278977649631,0.15937052203005,0.00205746459232922,0.00484416850688133
"delta_iter[25]",1.42310518876197,0.175325819715125,0.00226344659972281,0.00652044029249109
"delta_iter[26]",0.813810889456894,0.136393026214391,0.00176082639689056,0.00388337043403516
"delta_iter[27]",1.30254644047766,0.165309112860713,0.00213413147028622,0.0048362858715646
"delta_iter[28]",1.10055083615121,0.162099190781918,0.00209269155444022,0.00494084985278545
"delta_iter[29]",0.384683247082395,0.119077252875712,0.00153728072433254,0.00280836421647923
"delta_iter[30]",1.55951385081252,0.209779177908871,0.00270823754140713,0.0114953943870025
"delta_iter[31]",0.5133893310585,0.092960320342449,0.00120011257514804,0.00270999161929158
"delta_iter[32]",1.13832748582631,0.155301754236024,0.0020049370259764,0.00394217518882014
"delta_iter[33]",0.53245230651711,0.109490018531067,0.00141351006115588,0.00319804195709834
"delta_iter[34]",1.31314821594864,0.182560432930588,0.00235684505472194,0.00602608296049355
"delta_iter[35]",0.455727692206713,0.111882430243453,0.00144439596355369,0.00298634613218728
"delta_iter[36]",1.29586448679311,0.165930580231155,0.00214215457953932,0.00661771451872613
"delta_iter[37]",1.16473068453979,0.180376204161744,0.00232864678256848,0.00738028874546255
"delta_iter[38]",1.20590626453272,0.14999350288933,0.00193640779576563,0.00486045289661535
"delta_iter[39]",1.15233313988237,0.165563814621059,0.00213741965587311,0.00667305152364502
"delta_iter[40]",0.863137278234202,0.135241791465866,0.00174596402019519,0.00384716597231802
"delta_iter[41]",1.0211565876102,0.170344914577123,0.00219914339089441,0.0065551509952097
"delta_iter[42]",0.869308901070014,0.140083619759597,0.00180847175468458,0.0050159148618189
"delta_iter[43]",0.866941212099537,0.12090742169621,0.00156090810220767,0.00312610414215404
"delta_iter[44]",0.918372276423938,0.126832104174879,0.0016373954241125,0.0032738496122322
"delta_iter[45]",1.06630010141843,0.148599130099144,0.00191840652044965,0.00504645556032274
"delta_iter[46]",1.61960839789544,0.217002656473147,0.00280149224867756,0.00901530612186911
"delta_iter[47]",1.6972181280624,0.167393927836211,0.00216104631588631,0.00672992795890073
"delta_iter[48]",1.04761525388042,0.152260018081349,0.00196566838107435,0.00531142977914377
"delta_iter[49]",1.25716580152942,0.155561052144469,0.00200828454758011,0.00519173626387437
"delta_iter[50]",0.632797414326035,0.120387941417158,0.00155420164064283,0.00279153960917537
"delta_iter[51]",1.15879000733692,0.161156183797033,0.00208051738661417,0.00669515592729218
"delta_iter[52]",1.41431726515256,0.182999545165489,0.00236251396929824,0.00900901168584557
"delta_iter[53]",1.30894781810603,0.153685649256589,0.00198407320040614,0.00596631882340577
"delta_iter[54]",0.330841792262325,0.0979556291946469,0.00126460173512712,0.00256845041110294
"delta_iter[55]",0.874733261751561,0.115073134529889,0.00148558777876715,0.00302001236986579
"delta_iter[56]",0.423559557926357,0.102460044527425,0.00132275348702129,0.00234009276098264
"delta_iter[57]",1.2442361510545,0.168621165917757,0.00217688989139183,0.00705383727005766
"delta_iter[58]",0.926034178470708,0.152074386328564,0.0019632718854508,0.00435820166932492
"delta_iter[59]",1.81368788664204,0.240605671810618,0.00310620586641857,0.01479064036617
"delta_iter[60]",2.05866728979575,0.252991264132915,0.00326610317574247,0.0156948458207529
"delta_iter[61]",0.527374652712183,0.106118364326565,0.00136998219254519,0.00246078266006057
"delta_iter[62]",0.919500093021576,0.135663887376441,0.00175141325496904,0.00590414616846585
"delta_iter[63]",0.772613643918439,0.131498663944837,0.0016976404516896,0.00431025592892003
"delta_iter[64]",0.892402729398518,0.124785748723519,0.00161097708883405,0.00324733752416214
"delta_iter[65]",0.813979773796466,0.135753857050055,0.00175257475846094,0.00395081026718103
"delta_iter[66]",0.86905447404295,0.140939092061332,0.00181951585461045,0.00413442423350191
"delta_iter[67]",0.500981490295688,0.118567800646302,0.0015307037243319,0.00342630720872347
"delta_iter[68]",1.38908640187432,0.165461546826717,0.00213609938432531,0.00606081530372403
"delta_iter[69]",0.759065737847757,0.107918111114774,0.00139321682367227,0.00268204562442173
"delta_iter[70]",1.13512050933888,0.159088943421382,0.00205382942812248,0.00618247382300932
"delta_iter[71]",1.0606609189413,0.150467736271017,0.00194253012239726,0.0055332118623915
"delta_iter[72]",1.36934063066134,0.175876245950666,0.00227055257186803,0.00650557542911355
"delta_iter[73]",0.945604345316759,0.120335668062923,0.00155352679454148,0.00329883056003251
"delta_iter[74]",0.777249191726584,0.118305062001683,0.00152731178301518,0.00310239078348495
"delta_iter[75]",0.530827589561977,0.140742843082881,0.00181698229119293,0.00364856408245801
"delta_iter[76]",1.44467491313507,0.193237023970446,0.00249467925236073,0.00910876988218238
"delta_iter[77]",1.32731281610623,0.166445071657561,0.00214879663529345,0.00727374778777048
"delta_iter[78]",1.16022455965507,0.15170960779114,0.00195856261478248,0.00490459819495643
"delta_iter[79]",1.3852656814275,0.221816215268628,0.00286363502551385,0.0145358433678181
"delta_iter[80]",1.43096083893462,0.174023387039716,0.00224663226618476,0.00634131388582291
"delta_iter[81]",1.04743872032497,0.177342626383518,0.00228948346185349,0.0052425508431941
"delta_iter[82]",0.795233387501409,0.109144463717451,0.00140904896769476,0.00372459847737391
"delta_iter[83]",1.18168841418145,0.148512454298229,0.00191728754067144,0.00617131616498274
"delta_iter[84]",0.932648113568765,0.122398269478439,0.00158015486431534,0.00453594598327233
"delta_iter[85]",1.19862040262009,0.182510482713218,0.00235620020018857,0.00679674789816768
"delta_iter[86]",0.883490306359049,0.13138892576313,0.00169622373785562,0.00524856866789976
"delta_iter[87]",0.734516354047664,0.116448070804539,0.00150333812974654,0.00305131067440675
"delta_iter[88]",0.542580276356611,0.104424892120346,0.00134811956037202,0.00272681983184481
"delta_iter[89]",0.781998292883697,0.124339125703886,0.00160521121044381,0.00293711878416526
"delta_iter[90]",0.542662809011507,0.128995582543565,0.00166532580975184,0.00338207658278921
"delta_iter[91]",1.24209535901305,0.14534340052663,0.00187637523240264,0.00549907462149567
"delta_iter[92]",0.996223979885437,0.144698707349179,0.00186805227927036,0.00540563402255026
"delta_iter[93]",1.47216893415785,0.184776903839397,0.00238545957111252,0.00897326806546405
"delta_iter[94]",0.683134144804943,0.139068160594975,0.00179536223324012,0.0041294879018778
"delta_iter[95]",1.44133456477633,0.187049326852046,0.0024147964260576,0.00956001480878607
"delta_iter[96]",1.22054723997022,0.148799116853967,0.00192098833835262,0.00499072666733811
"delta_iter[97]",0.930450380978823,0.138827488325155,0.0017922551675971,0.00545073491358597
"delta_iter[98]",0.914802137949585,0.140492838573796,0.00181375474685907,0.0041334557217079
"delta_iter[99]",1.24160922636245,0.151700046798228,0.00195843918289475,0.00465431578797113
"delta_iter[100]",0.77379677917779,0.144760481013511,0.00186884977384767,0.00456296070512255
"delta_iter[101]",1.64990696832163,0.222374964851582,0.00287084845161212,0.0100454621999032
"delta_iter[102]",1.07800515804154,0.164863303567548,0.00212837609705951,0.00798264489937464
"delta_iter[103]",0.559288711137495,0.131645272083295,0.00169953315461848,0.00386880160484529
"delta_iter[104]",0.679980044467065,0.130456266836693,0.00168418316288968,0.00302383291714119
"delta_iter[105]",1.23310069651082,0.182793394037781,0.00235985256968353,0.00829058166618651
"delta_iter[106]",1.03015945199312,0.140663239944823,0.00181595461909959,0.00356582740501178
"delta_iter[107]",0.715476010371706,0.110506041429006,0.00142662686036616,0.00306560932319205
"delta_iter[108]",1.02445799010475,0.152123989128762,0.00196391225484777,0.00498722518262896
"delta_iter[109]",0.541153823569194,0.128496916326118,0.00165888805656688,0.00422337214891578
"delta_iter[110]",0.92782873123147,0.134190905746937,0.00173239714390126,0.00454800226625681
"delta_iter[111]",1.04129495434095,0.13827971055584,0.00178518338700383,0.00404242792423005
"delta_iter[112]",1.17188722393264,0.168443856616637,0.00217460083815728,0.00855032340813642
"delta_iter[113]",1.14089039250577,0.144186835648272,0.00186144404402701,0.00402369170756789
"delta_iter[114]",0.657624012753357,0.121440188744242,0.00156778609522245,0.00324553375189163
"delta_iter[115]",0.948612539331924,0.142683428461642,0.00184203514070573,0.00407039726237422
"delta_iter[116]",1.5242363613239,0.172627994675431,0.00222861782822376,0.0055285350759136
"delta_iter[117]",0.543067315254439,0.100191783057453,0.00129347035736114,0.00240585280264645
"delta_iter[118]",1.00252981656907,0.149752368304725,0.0019332947616644,0.00460156562102324
"delta_iter[119]",0.641393883705364,0.128135522202238,0.00165422247848953,0.00299899131776139
"delta_iter[120]",1.17629768577317,0.156481852754065,0.00202017203233392,0.00639820461585939
"delta_iter[121]",0.99937382721699,0.165576810356295,0.00213758743009358,0.00598881529157173
"delta_iter[122]",0.904647856621539,0.166539369818767,0.00215001401931988,0.00479504670624996
"delta_iter[123]",0.674917848724454,0.117971763983782,0.00152300892410633,0.00326446294057337
"delta_iter[124]",0.943545510338107,0.146930806081374,0.00189686854999331,0.00669332155198984
"delta_iter[125]",0.487119004724005,0.113083350219267,0.00145989977377521,0.00272970203415777
"delta_iter[126]",1.35839564576512,0.201626518207198,0.00260298715723421,0.00772163520669197
"delta_iter[127]",0.447557556041946,0.109521510703688,0.00141391662335621,0.00250574484856392
"delta_iter[128]",0.76379970423633,0.117633089923074,0.00151863666078328,0.00283007966474535
"delta_iter[129]",1.43489719659524,0.202250226349257,0.0026110391947245,0.00899800501310406
"delta_iter[130]",0.682613632362069,0.125529825188937,0.00162058307469693,0.00323685312748492
"delta_iter[131]",1.15838643518295,0.163203538927726,0.00210694862769732,0.00622917888948351
"delta_iter[132]",1.08005074196466,0.131912167066629,0.00170297875403729,0.00405358515090979
"delta_iter[133]",0.626901441136025,0.139747517703955,0.00180413269580414,0.00377067944141143
"delta_iter[134]",0.838050199704392,0.127262564232079,0.00164295263955498,0.00335693130975158
"delta_iter[135]",1.3562699039905,0.170908638636902,0.00220642103721235,0.00789877774227353
"delta_iter[136]",1.31585367089541,0.154475603662254,0.00199427146793082,0.00435700925878187
"delta_iter[137]",1.50364582301837,0.195659578853579,0.00252595430141956,0.00808072579250728
"delta_iter[138]",0.606251032252607,0.11510490497523,0.00148599793345285,0.00308753944383687
"delta_iter[139]",1.01291226989755,0.15189407936206,0.00196094413252255,0.00643204528361655
"delta_iter[140]",1.01768402959601,0.148134579792482,0.00191240920177905,0.0045601291555444
"delta_iter[141]",1.25597465190893,0.168744452585178,0.00217848151542428,0.00823897805432553
"delta_iter[142]",0.557609553455734,0.141753954066879,0.00183003567786691,0.00398604789534227
"delta_iter[143]",1.27894532148096,0.148725384953718,0.00192003646361345,0.00510225796051076
"delta_iter[144]",0.631387262429673,0.131643285806448,0.00169950751189465,0.00412446057220288
"delta_iter[145]",1.20635388739998,0.142824374737538,0.00184385474930324,0.00517185960717224
"delta_iter[146]",0.879549596800136,0.147809537150043,0.00190821291930914,0.00347741398828544
"delta_iter[147]",0.729669906524159,0.134081754112591,0.00173098800236114,0.00346381287653096
"delta_iter[148]",1.31887695301024,0.150712052113854,0.00194568422636567,0.00560165121377155
"delta_iter[149]",1.62139332520321,0.213616900193371,0.00275778232305792,0.013230118086787
"delta_iter[150]",1.38441365822308,0.164831141229229,0.00212796088305723,0.005177497642363
"delta_iter[151]",1.38140527998056,0.1940482598741,0.00250515226284306,0.00818302925725768
"delta_iter[152]",0.640783140723042,0.127405811779396,0.00164480195743879,0.00297006822034454
"delta_iter[153]",1.31244548297679,0.167724702165883,0.00216531659412022,0.00673645008414857
"delta_iter[154]",0.938923249749716,0.12943626027118,0.00167101493475216,0.00342060963547245
"delta_iter[155]",0.470393630875651,0.101861821204747,0.00131503045713448,0.00240506410959191
"delta_iter[156]",1.15908789025049,0.139514597133589,0.00180112570417076,0.00453502606612906
"delta_iter[157]",0.900503347117356,0.128112876852851,0.00165393012828604,0.00337080312640061
"delta_iter[158]",0.680923150535837,0.106702621396859,0.00137752491888903,0.0028492102007738
"delta_iter[159]",1.5483135928858,0.179042632041845,0.00231143044053069,0.00936791371921511
"delta_iter[160]",0.879455591625105,0.146491420271178,0.00189119610357515,0.0042971039180764
"delta_iter[161]",1.11046036053059,0.168580710782139,0.00217636761783677,0.00523561562274186
"delta_iter[162]",0.627528125391349,0.128184302406011,0.00165485222821232,0.00356257695324199
"delta_iter[163]",1.36873063373622,0.177873856358371,0.00229634161133887,0.0085285353624449
"delta_iter[164]",1.74325312816605,0.227264959828314,0.00293397801530519,0.0104400958777598
"delta_iter[165]",0.505293108302225,0.118287828166252,0.00152708929515647,0.00280153822966576
"delta_iter[166]",0.861393051172409,0.118812064596833,0.00153385715837351,0.00297694076840017
"delta_iter[167]",1.29161246967376,0.183350423104128,0.00236704378400791,0.00649025424764783
"delta_iter[168]",1.17484419356262,0.170504164164945,0.00220119929423283,0.0067958725850511
"delta_iter[169]",0.531608198560839,0.113153920998544,0.0014608108386181,0.00301735074821135
"delta_iter[170]",0.573347174596158,0.139128860616201,0.00179614586714453,0.00341753798362429
"delta_iter[171]",0.641651566736116,0.100593710535825,0.00129865921879486,0.00240840635096073
"delta_iter[172]",1.70444869139889,0.237152471570801,0.0030616252430188,0.0142094543887566
"delta_iter[173]",1.22006776530876,0.15368135174828,0.00198401771981244,0.00475015291148223
"delta_iter[174]",0.649668194369293,0.104732701225794,0.00135209335883605,0.00274868598479473
"delta_iter[175]",1.01217894585223,0.138428098912831,0.00178709907245516,0.00387617111275324
"delta_iter[176]",0.69235793622379,0.10165292519382,0.00131233362122977,0.00239570856447187
"delta_iter[177]",0.842591788398338,0.127848514619487,0.00165051722652876,0.00400753642774438
"delta_iter[178]",1.1279544964226,0.141594568326957,0.00182797801681244,0.00547469848490542
"delta_iter[179]",1.34531037111168,0.143906126881818,0.00185782010943497,0.00487594124084241
"delta_iter[180]",1.25689745131867,0.172510218406773,0.00222709734313345,0.00680099239080153
"delta_iter[181]",0.426962821257007,0.139034635984418,0.00179492943237888,0.00403905457691068
"delta_iter[182]",1.26846550664389,0.180986468474046,0.00233652526096291,0.0071409514969691
"delta_iter[183]",1.50693074485431,0.195710880735025,0.00252661660586113,0.0103375672411657
"delta_iter[184]",0.531722632648879,0.110611438943042,0.00142798753642147,0.00258749539795606
"delta_iter[185]",0.344726558770069,0.109372761478582,0.00141199627911755,0.00281377466872371
"delta_iter[186]",1.19482870851119,0.164334889549942,0.00212155430142586,0.00583431449464608
"delta_iter[187]",1.1906438359738,0.168237492807998,0.00217193669284355,0.00830755492238419
"delta_iter[188]",0.84746371676041,0.142292368523569,0.00183698657861397,0.00409459987059929
"delta_iter[189]",1.02025703115778,0.157700245104455,0.00203590140994128,0.00413628219612933
"delta_iter[190]",1.01996495989636,0.145425592359318,0.00187743632439996,0.00385247407167988
"delta_iter[191]",0.605609099632792,0.124414722192553,0.00160618715691593,0.00325501378524501
"delta_iter[192]",0.453814766042165,0.130617914691345,0.00168627002771974,0.00313529047642721
"delta_iter[193]",1.07614772000195,0.161173423137787,0.0020807399455463,0.00537639934772401
"delta_iter[194]",0.598077418470787,0.0994478137118928,0.00128386575440966,0.00254374382460259
"delta_iter[195]",0.816034407789634,0.120993907740572,0.0015620246322393,0.00296896880709881
"delta_iter[196]",1.45880791447639,0.158145702068278,0.00204165223461574,0.00439470459860598
"delta_iter[197]",1.5055225442186,0.17625219274373,0.00227540602409669,0.00661115959480818
"delta_iter[198]",1.08237021571596,0.165799076946893,0.00214045687943959,0.00616874995425216
"delta_iter[199]",0.58661219217994,0.106149446870042,0.00137038346645601,0.00273581015421073
"delta_iter[200]",0.685326911170478,0.143817340246786,0.00185667387890549,0.00455628075570529
"tau_iter[1]",0.502195630102286,0.0510637637523185,0.000659230355357998,0.00206139565702012
"tau_iter[2]",0.246695851685078,0.0782437277625235,0.00101012218189813,0.00411795208896616
"tau_iter[3]",0.229122837104295,0.0399862928078234,0.000516220820404245,0.00164251735885698
"tau_iter[4]",0.450740090605108,0.0503127311916658,0.000649534566691774,0.00206105964496221
"tau_iter[5]",0.338822294819483,0.0456059438400733,0.000588770203268915,0.00143277063519931
"tau_iter[6]",0.393250104740576,0.0358652976786516,0.000463019002053964,0.00107451213305225
"tau_iter[7]",0.120049121741252,0.0430723345669951,0.00055606144820082,0.0013914848075287
"tau_iter[8]",0.570740460298718,0.0847030995305889,0.00109351231284707,0.00586447084939719
"tau_iter[9]",0.393852805196299,0.0409725577647496,0.000528953446247989,0.00132819407147909
"tau_iter[10]",0.373779215445146,0.055572521567611,0.000717438168460366,0.00376215951765362
"tau_iter[11]",0.379820753538051,0.0291400828664733,0.000376196852163184,0.000951805922920381
"tau_iter[12]",0.159428533649979,0.0636609490382096,0.000821859318095816,0.00264744628059572
"tau_iter[13]",0.158899950241659,0.0342250486289891,0.00044184347787738,0.000876983815528373
"tau_iter[14]",0.150073084351728,0.0474093117593964,0.000612051582997659,0.00187805526709345
"tau_iter[15]",0.446228883299792,0.0374354354109098,0.000483289393014924,0.00160040709893278
"tau_iter[16]",0.348833586157426,0.0358575638073501,0.00046291915820479,0.00129149003889052
"tau_iter[17]",0.197392752721452,0.0405287983077218,0.000523224536292019,0.00165847402491007
"tau_iter[18]",0.163647418682674,0.0233347337947267,0.000301250117917199,0.00062581009473416
"tau_iter[19]",0.125983296828736,0.0393342531916252,0.000507803025155568,0.00190504150574538
"tau_iter[20]",0.216284013095144,0.0291372374012691,0.000376160117365357,0.000747695327783847
"tau_iter[21]",0.116000544055135,0.0342433876160712,0.000442080233182563,0.000967791122874956
"tau_iter[22]",0.336304514072618,0.0411521389911102,0.000531271829911276,0.00120191894182795
"tau_iter[23]",0.109685275489509,0.0408195297514335,0.000526977863091067,0.00154737407994866
"tau_iter[24]",0.453241778532143,0.0309595027374178,0.000399685461696274,0.00117746595105862
"tau_iter[25]",0.261669391376464,0.0474180101227936,0.000612163878386248,0.00223914966843762
"tau_iter[26]",0.43569470891863,0.040897844170333,0.00052798889789162,0.00144691618231109
"tau_iter[27]",0.366309436956374,0.0356745524854314,0.00046055649219826,0.00137351103335782
"tau_iter[28]",0.191019097864111,0.0301221738329915,0.00038887559202247,0.0010762306366316
"tau_iter[29]",0.205064665617707,0.0323227538110977,0.000417284957379812,0.000799229783695128
"tau_iter[30]",0.161483564434414,0.0609914917328503,0.000787396772472255,0.00370854171794513
"tau_iter[31]",0.172796669593096,0.0676615518535656,0.00087350687835803,0.00214111923541231
"tau_iter[32]",0.209707239968118,0.0315697067589126,0.000407563161739734,0.00108248761549867
"tau_iter[33]",0.293862061481053,0.0547810395172251,0.000707220179127144,0.00184746902954796
"tau_iter[34]",0.292831000112076,0.0307417821642102,0.000396874701182408,0.00113577960620973
"tau_iter[35]",0.469905298131724,0.0412679168983905,0.000532766516267126,0.00123611594467009
"tau_iter[36]",0.299900045241293,0.0561492257207116,0.000724883387062524,0.0025472339662471
"tau_iter[37]",0.481464464666278,0.0396341947024795,0.000511675253410152,0.00177476513705456
"tau_iter[38]",0.177322313947667,0.0426901679011914,0.000551127697760376,0.00167493185350741
"tau_iter[39]",0.184849365844313,0.0506462069656087,0.000653839720421255,0.00260679551901224
"tau_iter[40]",0.55906891976477,0.0388364747831828,0.000501376733535571,0.00133993795245077
"tau_iter[41]",0.516716948006722,0.0324788894147965,0.000419300659356063,0.00182262382613991
"tau_iter[42]",0.375448674569478,0.0606579573187201,0.000783090861701211,0.00269190915663617
"tau_iter[43]",0.542660682659481,0.0454937836111768,0.000587322220940173,0.00131979173232344
"tau_iter[44]",0.358288563775902,0.0447517287956267,0.000577742334464843,0.00134086840096251
"tau_iter[45]",0.294590556125024,0.0466843315558854,0.000602692128815898,0.00184255619127926
"tau_iter[46]",0.26992355502403,0.0344145796471098,0.00044429031279995,0.00178202886553376
"tau_iter[47]",0.34954373078643,0.0761653063353772,0.00098328987665234,0.00365414061140289
"tau_iter[48]",0.166846235675672,0.0526946807701695,0.000680285403521942,0.00218381195572694
"tau_iter[49]",0.0822386749361835,0.0396566310536575,0.000511964905458359,0.00155299613795661
"tau_iter[50]",0.209097120625221,0.0383118849766812,0.000494604308255002,0.00107080282050664
"tau_iter[51]",0.349481305494345,0.0627528432722922,0.000810135723069173,0.0033107151063872
"tau_iter[52]",0.213847921517443,0.0673967203143637,0.000870087917888432,0.0039699237107058
"tau_iter[53]",0.310198940124179,0.0613164784433324,0.000791592332863709,0.00283554324483031
"tau_iter[54]",0.462234791802666,0.0508700902184796,0.000656730040787468,0.00139072739708871
"tau_iter[55]",0.257522065547335,0.0492356312152279,0.000635629265788625,0.00140637710615601
"tau_iter[56]",0.151254485634411,0.0417457094985208,0.000538934792211279,0.00107343469042026
"tau_iter[57]",0.391136580524673,0.0562993238846905,0.000726821146027146,0.00265835959998725
"tau_iter[58]",0.451164882598085,0.0309999059124297,0.000400207064442791,0.0010623418067224
"tau_iter[59]",0.571661030466184,0.0627043426014185,0.000809509582100594,0.00476737801168814
"tau_iter[60]",0.261034504421328,0.0653251223444792,0.0008433437030971,0.0046292177602789
"tau_iter[61]",0.212248651950153,0.0491865832828051,0.000634996059703828,0.00139408051011631
"tau_iter[62]",0.299776037916761,0.0751464695565846,0.000970136750396449,0.00370596713150955
"tau_iter[63]",0.51048483275089,0.0386213873171778,0.00049859996628952,0.00141357498148088
"tau_iter[64]",0.280046602139142,0.045467322588576,0.000586980610607317,0.00141808336720726
"tau_iter[65]",0.35513164845271,0.0393466279094626,0.000507962782075895,0.00128583911859416
"tau_iter[66]",0.159943740661772,0.0353465261733495,0.000456321690718891,0.00110030569224857
"tau_iter[67]",0.278325959388914,0.0419181001041679,0.000541160345360326,0.00134793137049631
"tau_iter[68]",0.298347965679211,0.0537385947115575,0.00069376227455484,0.00239812624729719
"tau_iter[69]",0.307113842135031,0.0562493229028715,0.000726175636127549,0.00169480197725671
"tau_iter[70]",0.46760512948327,0.0447478472212087,0.000577692223554584,0.00210264775510853
"tau_iter[71]",0.36688692366413,0.0550405574533244,0.00071057054127566,0.00262520757282784
"tau_iter[72]",0.256890579831343,0.0452351550598996,0.000583983340700337,0.0018997929237105
"tau_iter[73]",0.1032731287066,0.0493658392372203,0.000637310244124356,0.00144027471801693
"tau_iter[74]",0.229979136114732,0.0520198043730255,0.000671572786698985,0.00168238130212336
"tau_iter[75]",0.418658931683096,0.0240337984511701,0.000310275003824958,0.000742469571565543
"tau_iter[76]",0.343532764046451,0.0524072747656225,0.000676575007957907,0.00291444687175755
"tau_iter[77]",0.3892575496505,0.0804255910026911,0.00103828991520771,0.00498967889470244
"tau_iter[78]",0.422363652416295,0.0415170460646673,0.000535982759973943,0.00158176407865528
"tau_iter[79]",0.261349697211612,0.0757580612143829,0.000978032364747557,0.00583643316178007
"tau_iter[80]",0.0843886255188091,0.0405903486755006,0.00052401914812322,0.00167286431795962
"tau_iter[81]",0.44248212390513,0.0202153033577705,0.00026097844414392,0.000702129175462223
"tau_iter[82]",0.333588550197106,0.0846473820058786,0.00109279300269608,0.00322522500372557
"tau_iter[83]",0.249195408908942,0.0749237765197529,0.00096726179565323,0.00353656457615417
"tau_iter[84]",0.240100905767268,0.0849525005699424,0.00109673206642021,0.00342851741070442
"tau_iter[85]",0.403847258048969,0.0300335394770344,0.00038773132740739,0.00136515895945756
"tau_iter[86]",0.255650284608667,0.0693384688861623,0.000895155784158759,0.00332240254711863
"tau_iter[87]",0.0758023199782377,0.0348730529127889,0.000450209177208805,0.000934809559466439
"tau_iter[88]",0.211976182837034,0.0501420143642278,0.000647330621926491,0.00156245212157457
"tau_iter[89]",0.405558954113455,0.0367165045630864,0.000474008035679274,0.000986322607068975
"tau_iter[90]",0.40350165317481,0.0330601010865403,0.000426804069773681,0.000983533602057814
"tau_iter[91]",0.110642681139635,0.0510910034272396,0.000659582018049083,0.00197437255355562
"tau_iter[92]",0.453478887109401,0.0612766540653847,0.000791078202355159,0.00288110585675769
"tau_iter[93]",0.322251489003213,0.0614122723537162,0.00079282902692899,0.00337526684811138
"tau_iter[94]",0.482201472562076,0.0289493077577829,0.000373733956100421,0.00103976774201565
"tau_iter[95]",0.434239524189848,0.0576072861167256,0.00074370686583428,0.00325564513845136
"tau_iter[96]",0.303665182644496,0.0559757487671771,0.000722643809222557,0.00237619549756887
"tau_iter[97]",0.313448010754082,0.0619431736129528,0.000799682932714004,0.00282658254666804
"tau_iter[98]",0.251397841051426,0.0428802738180665,0.000553581954593951,0.0015153484034192
"tau_iter[99]",0.0946828167646067,0.0447706417700807,0.000577986499915136,0.00157906383634696
"tau_iter[100]",0.279737471816178,0.0357976986943979,0.000462146302919847,0.00136794308631184
"tau_iter[101]",0.340007416095291,0.0396424773009713,0.000511782181296892,0.00219683130228031
"tau_iter[102]",0.341199155080175,0.0653680614234065,0.00084389804422239,0.0037231136206876
"tau_iter[103]",0.442117172314754,0.0308777736134971,0.000398630343243457,0.00102595594209194
"tau_iter[104]",0.227967662506187,0.0319977006046677,0.000413088538529363,0.000875313185190192
"tau_iter[105]",0.474641496594218,0.042491377976375,0.00054856133086635,0.00222428920107636
"tau_iter[106]",0.164893728446471,0.0332750268053886,0.000429578748872918,0.000966914383523944
"tau_iter[107]",0.328114199503959,0.0642102612571396,0.00082895090834843,0.00232660479171804
"tau_iter[108]",0.240244384832905,0.0367284551529228,0.000474162317130654,0.00144147227926538
"tau_iter[109]",0.404400321920169,0.0375528424813995,0.000484805111777369,0.00156306234599051
"tau_iter[110]",0.36939004671551,0.0662990491458779,0.000855917044037907,0.0028514744480515
"tau_iter[111]",0.446559987862624,0.0458970129158558,0.000592527888879254,0.00151370361678523
"tau_iter[112]",0.404729198539431,0.0713107324888321,0.000920617597783663,0.00475884838313017
"tau_iter[113]",0.141603008102964,0.0418893135706579,0.000540788712810728,0.00145852658169285
"tau_iter[114]",0.387807296621402,0.049105879694583,0.00063395418085995,0.00155385822051887
"tau_iter[115]",0.173426727058004,0.03779529572339,0.000487935169672246,0.00123213364179412
"tau_iter[116]",0.393486336292985,0.0396467189225535,0.000511836940396054,0.0015718094429576
"tau_iter[117]",0.292661546515648,0.053089842607121,0.000685386920900508,0.00134941112473989
"tau_iter[118]",0.234715462725686,0.039045515491623,0.000504075437477132,0.0013692976159797
"tau_iter[119]",0.35294617927052,0.0298605373475326,0.000385497879519328,0.000796613961616957
"tau_iter[120]",0.31859053871478,0.0666685694643585,0.000860687530836443,0.00370801970087224
"tau_iter[121]",0.47599436856004,0.036446287485556,0.000470519548208821,0.00152438662923409
"tau_iter[122]",0.301238694630513,0.022878323436184,0.000295357885524958,0.000891647437162926
"tau_iter[123]",0.168730445941931,0.043279928745431,0.000558741477520326,0.0013219932861043
"tau_iter[124]",0.484755362109494,0.0608826812065054,0.000785992034617503,0.00317863171961618
"tau_iter[125]",0.155581664864995,0.040760465702551,0.000526215349498796,0.00106796219279751
"tau_iter[126]",0.423022413267218,0.0312981180770489,0.000404056966933479,0.00151921206508929
"tau_iter[127]",0.448339542250828,0.0464561941938447,0.00059974688813646,0.00144962918998233
"tau_iter[128]",0.372363943792808,0.0417161034379178,0.000538552579612405,0.0010989320437632
"tau_iter[129]",0.208607977451899,0.0397290444554004,0.000512899758454999,0.00211685760492938
"tau_iter[130]",0.394786536889285,0.0410887745627482,0.00053045379865865,0.00133856596233964
"tau_iter[131]",0.316909284990056,0.0450689212724157,0.000581837271731998,0.00192737429399666
"tau_iter[132]",0.367556458226809,0.0556734467391252,0.000718741106821992,0.0018289713755521
"tau_iter[133]",0.369490166827729,0.034080362891756,0.000439975593041588,0.00117400356377542
"tau_iter[134]",0.411845065777938,0.0334847784003883,0.000432286630320499,0.000905548477154599
"tau_iter[135]",0.171467428770705,0.0658456162016683,0.000850063249899422,0.00365322026732445
"tau_iter[136]",0.383365049216726,0.0352825810557821,0.000455496162800857,0.00120765722020167
"tau_iter[137]",0.182345402688908,0.0376772861100081,0.000486411672114511,0.00183699400262245
"tau_iter[138]",0.317680950977123,0.0506578260710602,0.000653989722427627,0.00147879283101101
"tau_iter[139]",0.282013114468873,0.059927709684683,0.000773663405283768,0.00299808235983997
"tau_iter[140]",0.367538684112645,0.0424563420278706,0.000548109018716096,0.00147266338396947
"tau_iter[141]",0.241058033370086,0.0705439346551101,0.000910718280317286,0.00414785195748659
"tau_iter[142]",0.408981850241082,0.026600454536386,0.000343410391403235,0.000899904059039996
"tau_iter[143]",0.145328312499068,0.0603899815151284,0.000779631308952887,0.002491588485323
"tau_iter[144]",0.176014482964027,0.0394362068091904,0.00050911924069862,0.00156757042996126
"tau_iter[145]",0.473735132431624,0.0593239069278712,0.000765868345212013,0.00228438034604685
"tau_iter[146]",0.167892801466323,0.0247998882066822,0.000320165180040953,0.000644547757618515
"tau_iter[147]",0.193480736062208,0.035120926807448,0.000453409215428719,0.00114041277343006
"tau_iter[148]",0.230887769768565,0.0519194559037385,0.000670277293531098,0.00214855023377318
"tau_iter[149]",0.249318581518974,0.0755561907482256,0.000975426228235829,0.0057984019643815
"tau_iter[150]",0.191714347207852,0.0405302668861208,0.000523243495557625,0.00150193973921694
"tau_iter[151]",0.299008360195482,0.0429353465641984,0.000554292940689281,0.00222249623411512
"tau_iter[152]",0.491221413664839,0.0288710707918168,0.00037272392121294,0.000728649766425605
"tau_iter[153]",0.0965892055826255,0.0488113864320276,0.000630152289188458,0.00215006253403014
"tau_iter[154]",0.0792899835677455,0.0331473581589131,0.000427930553734144,0.000821128537808304
"tau_iter[155]",0.332305818188505,0.0492011630459534,0.000635184283636711,0.00122969652582049
"tau_iter[156]",0.491329186149139,0.0550159453457427,0.000710252800333063,0.00217368770070094
"tau_iter[157]",0.531647473936053,0.0368927573699091,0.000476283449631096,0.00101483445357041
"tau_iter[158]",0.0830433249746443,0.0419541110739409,0.000541625244981031,0.00111492372876392
"tau_iter[159]",0.242214291072554,0.0841080610480507,0.00108583039906966,0.00529863167138457
"tau_iter[160]",0.406583269036745,0.0336401316306067,0.00043429223189855,0.0010740134127295
"tau_iter[161]",0.178439486576919,0.0298512296428505,0.000385377717568578,0.0010413985090078
"tau_iter[162]",0.244572039251907,0.0424519811526893,0.000548052720059589,0.00155133701549947
"tau_iter[163]",0.465624173088418,0.0627254140912796,0.000809781613864967,0.00343877553803812
"tau_iter[164]",0.155486780338146,0.0490090391319647,0.000632703974572423,0.00274180338003339
"tau_iter[165]",0.324845728673793,0.0309083760524912,0.000399025419032049,0.000745220878496055
"tau_iter[166]",0.129583005276976,0.0419542804512523,0.000541627431632718,0.00111502866285158
"tau_iter[167]",0.452344843939318,0.0331938764519975,0.00042853110231551,0.00141241014305821
"tau_iter[168]",0.521364623247466,0.0416762630389106,0.000538038242272868,0.00214441391512459
"tau_iter[169]",0.319787995245358,0.046290662786451,0.000597609886856093,0.00153257049139306
"tau_iter[170]",0.477017382306151,0.0270230072794541,0.000348865523859225,0.000735156127852526
"tau_iter[171]",0.423657764345229,0.0513401295849667,0.00066279822291569,0.00140264481782715
"tau_iter[172]",0.302680392097744,0.0634160547351878,0.000818697746238534,0.00450014707204324
"tau_iter[173]",0.499588787771423,0.0442683965425311,0.000571502541908429,0.00156608155155262
"tau_iter[174]",0.26746041327766,0.0464747915487811,0.000599986978956301,0.0011674589894451
"tau_iter[175]",0.40442840796325,0.0412095404427527,0.000532012879465474,0.00137091478191343
"tau_iter[176]",0.0829532071831317,0.0375398836167635,0.000484637813554299,0.000842212412482045
"tau_iter[177]",0.329226384373719,0.0573704747790601,0.000740649644611041,0.00193882048987255
"tau_iter[178]",0.14775783302016,0.0576105899669165,0.000743749518356839,0.00270417359752437
"tau_iter[179]",0.175246484407859,0.0696073056900401,0.00089862645237298,0.00298858501789403
"tau_iter[180]",0.146736831821457,0.0526029705758802,0.000679101430004743,0.00243973669187604
"tau_iter[181]",0.406006558235285,0.0240618385908582,0.000310637000471749,0.000758138015390224
"tau_iter[182]",0.439263988575908,0.038958063767108,0.000502946440568319,0.00181138797060024
"tau_iter[183]",0.318000167300919,0.0730869671264674,0.000943548688352057,0.00479861390032395
"tau_iter[184]",0.407938162546398,0.0417713149969555,0.000539265357774642,0.00107128782114584
"tau_iter[185]",0.452227831510808,0.0430518609856675,0.000555797135402424,0.0013672173125189
"tau_iter[186]",0.395817625086821,0.0466625792966617,0.000602411308356846,0.00218822714185066
"tau_iter[187]",0.435395380769699,0.0569675584318569,0.000735448016935599,0.00354784904373217
"tau_iter[188]",0.151806717268182,0.0425243097733051,0.000548986478536587,0.0016270439796227
"tau_iter[189]",0.184208608371401,0.0330767396714443,0.00042701887298114,0.00111951170953109
"tau_iter[190]",0.335645819261113,0.0362682980396361,0.000468221714342659,0.00118707544177835
"tau_iter[191]",0.465514836787458,0.0388122082315994,0.00050106345370173,0.00127170258434608
"tau_iter[192]",0.403273044537389,0.0302265627206405,0.000390223246767116,0.000830974617205507
"tau_iter[193]",0.228628738430492,0.0382785914478601,0.000494174490646133,0.0016168022025034
"tau_iter[194]",0.104854018687407,0.0478768363060944,0.000618087298942007,0.00119498813012427
"tau_iter[195]",0.0739946140497961,0.0336143421731421,0.000433959291434323,0.000813482080675132
"tau_iter[196]",0.415265531109365,0.034454472701099,0.000444805329912382,0.0011508277719821
"tau_iter[197]",0.0794863021273305,0.0399468429667417,0.000515711525145845,0.00170235599564386
"tau_iter[198]",0.467594689774952,0.0323298358522075,0.000417376386137397,0.00150085253499678
"tau_iter[199]",0.259499724338906,0.0604159897356966,0.000779967073636637,0.00188022900347971
"tau_iter[200]",0.133620643281495,0.0245753395769773,0.000317266269696751,0.000869476301620314
